"login",General
"job",General
"jobs",General
"nyse",General
"premier",General
"premium support",General
"support,number",General
"tech,support",General
"contact,salesforce support",General
"phone,support",General
"training",General
"contact,manager",SMB Cloud
"edition",General
"pricing",General
"price",General
"sales cloud",Sales Cloud
"sales clouds",Sales Cloud
"sfa",Sales Cloud
"software as a service",Custom Cloud
"software-as-a",Custom Cloud
"platform as a service",Custom Cloud
"service cloud",Service Cloud
"service clouds",Service Cloud
"servicecloud",Service Cloud
"serviceclouds",Service Cloud
"case management",Service Cloud
"social crm",Service Cloud
"contact,center",Service Cloud
"contact,centers",Service Cloud
"contacts center",Service Cloud
"custom cloud",Custom Cloud
"custom clouds",Custom Cloud
"paas",Custom Cloud
"chatter",Collaboration Cloud
"small,business",SMB Cloud
"small,businesses",SMB Cloud
"sales,automation",Sales Cloud
"sales,automations",Sales Cloud
"contact,manager",SMB Cloud
"service,support",Service Cloud
"customer service",Service Cloud
"help desk",Service Cloud
"help desks",Service Cloud
"helpdesk",Service Cloud
"helpdesks",Service Cloud
"customer,service",Service Cloud
"customer,support",Service Cloud
"customer portal",Service Cloud
"call center",Service Cloud
"call centers",Service Cloud
"call centre",Service Cloud
"call centres",Service Cloud
"knowledge",Service Cloud
"knowledgebase",Service Cloud
"knowledgebases",Service Cloud
"knowledge,management",Service Cloud
"knowledge base",Service Cloud
"knowledge bases",Service Cloud
"knowledge management",Service Cloud
"application,development",Custom Cloud
"application development",Custom Cloud
"what is cloud computing",Custom Cloud
"partner collaboration",Sales Cloud
"social software",Collaboration Cloud
"collaboration,software",Collaboration Cloud
"contact,management",Sales Cloud
"contacts,management",Sales Cloud
"sales force automation",Sales Cloud
"lead capture",Sales Cloud
"lead management",Sales Cloud
"lead tracker",Sales Cloud
"lead trackers",Sales Cloud
"lead tracking",Sales Cloud
"leads capture",Sales Cloud
"leads management",Sales Cloud
"leads tracking",Sales Cloud
"sale lead",Sales Cloud
"sale leads",Sales Cloud
"sales tool",Sales Cloud
"sales tools",Sales Cloud
"sales tracker",Sales Cloud
"sales trackers",Sales Cloud
"sales tracking",Sales Cloud
"crm sale",Sales Cloud
"crm sales",Sales Cloud
"sales automation",Sales Cloud
"workflows automation",Sales Cloud
"workflows,sales",Sales Cloud
"workflows,crm",Sales Cloud
"workflow automation",Sales Cloud
"workflow,sales",Sales Cloud
"workflow,crm",Sales Cloud
"track customers",Sales Cloud
"track customer",Sales Cloud
"sales reporting",Sales Cloud
"sales projections",Sales Cloud
"sales opportunity",Sales Cloud
"sales opportunities",Sales Cloud
"opportunity,management",Sales Cloud
"sales management",Sales Cloud
"sales leads",Sales Cloud
"sales lead",Sales Cloud
"sales forecasts",Sales Cloud
"sales forecasting",Sales Cloud
"sales forecast",Sales Cloud
"sales content",Sales Cloud
"sales,process",Sales Cloud
"sale forecasting",Sales Cloud
"partner relationship",Sales Cloud
"partner marketing",Sales Cloud
"mobile crm",Sales Cloud
"marketing software",Sales Cloud
"marketing automation",Sales Cloud
"manage sales",Sales Cloud
"google docs",Sales Cloud
"google doc",Sales Cloud
"google,calendar",Sales Cloud
"google,crm",Sales Cloud
"google,app",Sales Cloud
"google,apps",Sales Cloud
"genius",Sales Cloud
"free crm",Sales Cloud
"forecast",Sales Cloud
"forcast",Sales Cloud
"documents management",Sales Cloud
"document management",Sales Cloud
"customers,relationship",Sales Cloud
"customers,management",Sales Cloud
"customer relationship",Sales Cloud
"customer databases",Sales Cloud
"customer database",Sales Cloud
"customer data bases",Sales Cloud
"customer,relationship",Sales Cloud
"customer,management",Sales Cloud
"crm software integration",Sales Cloud
"crm demos",Sales Cloud
"crm demo",Sales Cloud
"crm databases",Sales Cloud
"crm database",Sales Cloud
"crm data integration",Sales Cloud
"crm data bases",Sales Cloud
"crm data base",Sales Cloud
"content management",Sales Cloud
"client management",Sales Cloud
"channels management",Sales Cloud
"channel management",Sales Cloud
"channel,sales",Sales Cloud
"adwords",Sales Cloud
"agent console",Service Cloud
"agent consoles",Service Cloud
"chats software",Service Cloud
"chats support",Service Cloud
"click,chat",Service Cloud
"cti integration",Service Cloud
"customer,portal",Service Cloud
"customer,portals",Service Cloud
"customer email",Service Cloud
"customer service analytics",Service Cloud
"customer service report",Service Cloud
"customer services",Service Cloud
"email,service",Service Cloud
"email customer",Service Cloud
"email to case",Service Cloud
"eservice",Service Cloud
"facebook",Service Cloud
"idea",Service Cloud
"support,workflow",Service Cloud
"supportforce",Service Cloud
"support force",Service Cloud
"salesforce for support",Service Cloud
"service,solutions",Service Cloud
"ideation",Service Cloud
"service,solution",Service Cloud
"support cloud",Service Cloud
"support client",Service Cloud
"service client",Service Cloud
"idea management",Service Cloud
"service crm",Service Cloud
"service management",Service Cloud
"support automation",Service Cloud
"knowledge system",Service Cloud
"live chat",Service Cloud
"live chats",Service Cloud
"mobile,service",Service Cloud
"orange",Service Cloud
"service,chat",Service Cloud
"service,software",Service Cloud
"service cloud report",Service Cloud
"service cloud reports",Service Cloud
"service portal",Service Cloud
"service portals",Service Cloud
"services portals",Service Cloud
"social media",Service Cloud
"support,service",Service Cloud
"support application",Service Cloud
"supportforce",Service Cloud
"twitter",Service Cloud
"email,customer",Service Cloud
"answers",Service Cloud
"chat software",Service Cloud
"chat support",Service Cloud
"customer,chat",Service Cloud
"customer service reports",Service Cloud
"customer support",Service Cloud
"customers email",Service Cloud
"email response",Service Cloud
"email responses",Service Cloud
"ideas",Service Cloud
"self service",Service Cloud
"self services",Service Cloud
"services portal",Service Cloud
"support applications",Service Cloud
"support management",Service Cloud
"support software",Service Cloud
"support solution",Service Cloud
"web development",Custom Cloud
"web applications development",Custom Cloud
"web applications",Custom Cloud
"web application development",Custom Cloud
"web application",Custom Cloud
"server application",Custom Cloud
"rapid application development",Custom Cloud
"rapid application",Custom Cloud
"online database application",Custom Cloud
"internet applications development",Custom Cloud
"integration as a service",Custom Cloud
"grid computing",Custom Cloud
"erp integration",Custom Cloud
"enterprise integration architecture",Custom Cloud
"enterprise applications development",Custom Cloud
"enterprise applications",Custom Cloud
"enterprise application integration",Custom Cloud
"enterprise application development",Custom Cloud
"development tools",Custom Cloud
"development architecture",Custom Cloud
"developer tools",Custom Cloud
"developer tool",Custom Cloud
"database applications",Custom Cloud
"database application development tools",Custom Cloud
"database application development",Custom Cloud
"database application",Custom Cloud
"custom web applications development",Custom Cloud
"crm integration",Custom Cloud
"cloud technology",Custom Cloud
"cloud technologies",Custom Cloud
"cloud platforms",Custom Cloud
"cloud grid",Custom Cloud
"cloud computing architecture",Custom Cloud
"cloud application",Custom Cloud
"business technology integration",Custom Cloud
"business integration",Custom Cloud
"business cloud",Custom Cloud
"business applications",Custom Cloud
"business application development",Custom Cloud
"applications platform",Custom Cloud
"applications development tools",Custom Cloud
"applications development software",Custom Cloud
"applications development services",Custom Cloud
"applications development platform",Custom Cloud
"applications development",Custom Cloud
"applications builder",Custom Cloud
"application platform",Custom Cloud
"application integration software",Custom Cloud
"application development tools",Custom Cloud
"application development tool",Custom Cloud
"application builder",Custom Cloud
"application,builder",Custom Cloud
"apex",Custom Cloud
"development tool",Custom Cloud
"integration architecture",Custom Cloud
"application integration",Custom Cloud
"software application development",Custom Cloud
"server applications",Custom Cloud
"online database applications",Custom Cloud
"app,server",Custom Cloud
"application portal",Custom Cloud
"applications,builder",Custom Cloud
"applications,development",Custom Cloud
"internet application development",Custom Cloud
"enterprise application",Custom Cloud
"database applications development",Custom Cloud
"applications integration",Custom Cloud
"applications development tool",Custom Cloud
"apps,server",Custom Cloud
"business application",Custom Cloud
"application development platform",Custom Cloud
"application development services",Custom Cloud
"application development software",Custom Cloud
"business process automation",Custom Cloud
"business process management software",Custom Cloud
"cloud applications",Custom Cloud
"cloud grids",Custom Cloud
"cloud infrastructure",Custom Cloud
"database application development tool",Custom Cloud
"crm integrations",Custom Cloud
"custom application development",Custom Cloud
"custom applications development",Custom Cloud
"custom web application development",Custom Cloud
"cloud platform",Custom Cloud
"software applications development",Custom Cloud
"visual process",Custom Cloud
"workflow software",Custom Cloud
"workflows software",Custom Cloud
"app store",Custom Cloud
"cloud service",Custom Cloud
"cloud services",Custom Cloud
"appexchange",Custom Cloud
"sandbox",Custom Cloud
"app development",Custom Cloud
"document,sharing",Collaboration Cloud
"group collaboration",Collaboration Cloud
"team collaboration",Collaboration Cloud
"document,collaboration",Collaboration Cloud
"collaboration in the cloud",Collaboration Cloud
"online document sharing",Collaboration Cloud
"collaboration cloud",Collaboration Cloud
"project collaboration",Collaboration Cloud
"project,collaboration",Collaboration Cloud
"content,sharing",Collaboration Cloud
"contacts manager",SMB Cloud
"contactmanager",SMB Cloud
"manager contact",SMB Cloud
"account manager",SMB Cloud
"accounts manager",SMB Cloud
"contact managers",SMB Cloud
"account managers",SMB Cloud
"workflow",Custom Cloud
"saas",Custom Cloud
"cloud computing",Custom Cloud
"cloud based",Custom Cloud
"collaboration",Collaboration Cloud
"erp",Custom Cloud
"prm",Sales Cloud
"crm",Sales Cloud
"database",Custom Cloud
"data base",Custom Cloud
"contact software",Sales Cloud
"contact,sales",Sales Cloud
"leads",Sales Cloud
"lead",Sales Cloud
"content",Sales Cloud
"visualforce",Custom Cloud
"visual force",Custom Cloud
"ideastorm",Service Cloud
"blackberry",Sales Cloud
"iphone",Sales Cloud
"mobile",Sales Cloud
"mass email",Sales Cloud
"google",Sales Cloud
"software,sales",Sales Cloud
"sales,marketing",Sales Cloud
"sales,application",Sales Cloud
"sales,applications",Sales Cloud
"email,template",Sales Cloud
"sales,email",Sales Cloud
"campaign,management",Sales Cloud
"partner,management",Sales Cloud
"pipeline,management",Sales Cloud
"sales,management",Sales Cloud
"api,integration",Custom Cloud
"sites",Custom Cloud
"platform",Custom Cloud
"cloud,computing",Custom Cloud
"cloudcomputing",Custom Cloud
"雲端運算",General
"何謂雲端運算",Custom Cloud
"什麼是雲端運算",Custom Cloud
"雲端運算技術",Custom Cloud
"雲端計算",Custom Cloud
"雲端科技",Custom Cloud
"何謂雲端技術",Custom Cloud
"crm 案例",Sales Cloud
"crm成功案例",Sales Cloud
"crm系統",Sales Cloud
"crm軟體",Sales Cloud
"crm软件",Sales Cloud
"什麼是雲端",Custom Cloud
"什麼是雲端技術",Custom Cloud
"何謂crm",Sales Cloud
"何謂雲端計算",Custom Cloud
"在线crm",Sales Cloud
"客戶管理",Sales Cloud
"客戶管理系統",Sales Cloud
"客戶管理軟體",Sales Cloud
"客戶關係管理",Sales Cloud
"客户关系管理",Sales Cloud
"客户关系管理软件",Sales Cloud
"客户管理系统",Sales Cloud
"廡쥫幥ե顼幀",General
"銷售管理",Sales Cloud
"銷售預測",Sales Cloud
"雲端",General
"雲端技術",Custom Cloud
"雲端是什麼",Custom Cloud
"雲端運算 應用",Custom Cloud
"雲端運算平台",Custom Cloud
"雲端運算應用",Custom Cloud
"雲端運算是什麼",Custom Cloud
"雲端運算服務",Custom Cloud
"雲端運算架構",Custom Cloud
"セールスフォース",General
"セールスフォース・ドットコム",General
"404,セールスフォースドットコム",General
"crmとは",Sales Cloud
"セールスフォースとは",General
"クラウドコンピューティング",Custom Cloud
"セールス",Sales Cloud
"クラウドとは",Custom Cloud
"crm　ドットコム",Sales Cloud
"crm とは",Sales Cloud
"crm フリー",Sales Cloud
"crm 事例",Sales Cloud
"crm 比較",Sales Cloud
"ｃｒｍとは",Sales Cloud
"paas クラウド",Custom Cloud
"エスクリ",Custom Cloud
"カスタマーポータル",Service Cloud
"クラウド",Custom Cloud
"クラウドコンピューティング とは",Custom Cloud
"クラウドコンピューティングとは",Custom Cloud
"クラウドプラットフォーム",Custom Cloud
"セールス フォース",General
"セールス　フォース",General
"セールス・フォース",General
"セールスドットコム",General
"ｾｰﾙｽﾌｫｰｽ",General
"ｾｰﾙｽフォース",General
"せーるすふぉーす",General
"セールスフォース　",General
"セールスフォース　crm",Sales Cloud
"セールスフォース ドットコム",General
"セールスフォース　ドットコム",General
"セールスフォース ドットコム 会社概要",General
"セールスフォース ログイン",General
"セールスフォース　ログイン",General
"セールスフォース 事例",General
"セールスフォース 評判",General
"セールスフォース.com",General
"セールスフォース・ドットコムとは",General
"セールスフォースログイン",General
"セールスフォース社",General
"セールスホース",General
"セールフォース",General
"ツルガ",General
"フォースドットコム",General
"マーク・ベニオフ",General
"マルチテナント",Custom Cloud
"リロケーションジャパン",General
"代理店管理",Service Cloud
"商談管理",Sales Cloud
"営業ツール",Sales Cloud
"営業分析",Sales Cloud
"営業支援",Sales Cloud
"営業支援とは",Sales Cloud
"営業管理",Sales Cloud
"売上予測",Sales Cloud
"大生工業",General
"新田ゼラチン",General
"株式会社 セールスフォースドットコム",General
"株式会社セールスフォース",General
"株式会社セールスフォース・ドットコム",General
"浅野歯科産業",General
"社長メッセージ",General
"見込み客",Sales Cloud
"顧客管理",Sales Cloud
"세일즈포스",General
"세일즈포스닷컴",General
"클라우드 컴퓨팅이란",Custom Cloud
"work.com",Work.com
"rypple",Work.com
"ripple",Work.com